Username,Password
loadtest1@primeroedge.com,xujubr47hic2lphO6ro7
loadtest2@primeroedge.com,xujubr47hic2lphO6ro7
loadtest3@primeroedge.com,xujubr47hic2lphO6ro7
loadtest4@primeroedge.com,xujubr47hic2lphO6ro7
loadtest5@primeroedge.com,xujubr47hic2lphO6ro7
loadtest6@primeroedge.com,xujubr47hic2lphO6ro7
loadtest7@primeroedge.com,xujubr47hic2lphO6ro7
loadtest8@primeroedge.com,xujubr47hic2lphO6ro7
loadtest9@primeroedge.com,xujubr47hic2lphO6ro7
loadtest10@primeroedge.com,xujubr47hic2lphO6ro7
loadtest11@primeroedge.com,xujubr47hic2lphO6ro7
loadtest12@primeroedge.com,xujubr47hic2lphO6ro7
loadtest13@primeroedge.com,xujubr47hic2lphO6ro7
loadtest14@primeroedge.com,xujubr47hic2lphO6ro7
loadtest15@primeroedge.com,xujubr47hic2lphO6ro7
loadtest16@primeroedge.com,xujubr47hic2lphO6ro7
loadtest17@primeroedge.com,xujubr47hic2lphO6ro7
loadtest18@primeroedge.com,xujubr47hic2lphO6ro7
loadtest19@primeroedge.com,xujubr47hic2lphO6ro7
loadtest20@primeroedge.com,xujubr47hic2lphO6ro7
